,0,corpus
0,wow love place,wow love place
1,crust good,crust good
2,tasti textur nasti,tasti textur nasti
3,stop late may bank holiday rick steve recommend love,stop late may bank holiday rick steve recommend love
4,select menu great price,select menu great price
5,get angri want damn pho,get angri want damn pho
6,honeslti tast fresh,honeslti tast fresh
7,potato like rubber could tell made ahead time kept warmer,potato like rubber could tell made ahead time kept warmer
8,fri great,fri great
9,great touch,great touch
10,servic prompt,servic prompt
11,would go back,would go back
12,cashier care ever say still end wayyy overpr,cashier care ever say still end wayyy overpr
13,tri cape cod ravoli chicken cranberri mmmm,tri cape cod ravoli chicken cranberri mmmm
14,disgust pretti sure human hair,disgust pretti sure human hair
15,shock sign indic cash,shock sign indic cash
16,highli recommend,highli recommend
17,waitress littl slow servic,waitress littl slow servic
18,place worth time let alon vega,place worth time let alon vega
19,like,like
20,burritto blah,burritto blah
21,food amaz,food amaz
22,servic also cute,servic also cute
23,could care less interior beauti,could care less interior beauti
24,perform,perform
25,right red velvet cake ohhh stuff good,right red velvet cake ohhh stuff good
26,never brought salad ask,never brought salad ask
27,hole wall great mexican street taco friendli staff,hole wall great mexican street taco friendli staff
28,took hour get food tabl restaur food luke warm sever run around like total overwhelm,took hour get food tabl restaur food luke warm sever run around like total overwhelm
29,worst salmon sashimi,worst salmon sashimi
30,also combo like burger fri beer decent deal,also combo like burger fri beer decent deal
31,like final blow,like final blow
32,found place accid could happier,found place accid could happier
33,seem like good quick place grab bite familiar pub food favor look elsewher,seem like good quick place grab bite familiar pub food favor look elsewher
34,overal like place lot,overal like place lot
35,redeem qualiti restaur inexpens,redeem qualiti restaur inexpens
36,ampl portion good price,ampl portion good price
37,poor servic waiter made feel like stupid everi time came tabl,poor servic waiter made feel like stupid everi time came tabl
38,first visit hiro delight,first visit hiro delight
39,servic suck,servic suck
40,shrimp tender moist,shrimp tender moist
41,deal good enough would drag establish,deal good enough would drag establish
42,hard judg whether side good gross melt styrofoam want eat fear get sick,hard judg whether side good gross melt styrofoam want eat fear get sick
43,posit note server attent provid great servic,posit note server attent provid great servic
44,frozen puck disgust worst peopl behind regist,frozen puck disgust worst peopl behind regist
45,thing like prime rib dessert section,thing like prime rib dessert section
46,bad food damn gener,bad food damn gener
47,burger good beef cook right,burger good beef cook right
48,want sandwich go firehous,want sandwich go firehous
49,side greek salad greek dress tasti pita hummu refresh,side greek salad greek dress tasti pita hummu refresh
50,order duck rare pink tender insid nice char outsid,order duck rare pink tender insid nice char outsid
51,came run us realiz husband left sunglass tabl,came run us realiz husband left sunglass tabl
52,chow mein good,chow mein good
53,horribl attitud toward custom talk one custom enjoy food,horribl attitud toward custom talk one custom enjoy food
54,portion huge,portion huge
55,love friendli server great food wonder imagin menu,love friendli server great food wonder imagin menu
56,heart attack grill downtown vega absolut flat line excus restaur,heart attack grill downtown vega absolut flat line excus restaur
57,much seafood like string pasta bottom,much seafood like string pasta bottom
58,salad right amount sauc power scallop perfectli cook,salad right amount sauc power scallop perfectli cook
59,rip banana rip petrifi tasteless,rip banana rip petrifi tasteless
60,least think refil water struggl wave minut,least think refil water struggl wave minut
61,place receiv star appet,place receiv star appet
62,cocktail handmad delici,cocktail handmad delici
63,definit go back,definit go back
64,glad found place,glad found place
65,great food servic huge portion give militari discount,great food servic huge portion give militari discount
66,alway great time do gringo,alway great time do gringo
67,updat went back second time still amaz,updat went back second time still amaz
68,got food appar never heard salt batter fish chewi,got food appar never heard salt batter fish chewi
69,great way finish great,great way finish great
70,deal includ tast drink jeff went beyond expect,deal includ tast drink jeff went beyond expect
71,realli realli good rice time,realli realli good rice time
72,servic meh,servic meh
73,took min get milkshak noth chocol milk,took min get milkshak noth chocol milk
74,guess known place would suck insid excalibur use common sens,guess known place would suck insid excalibur use common sens
75,scallop dish quit appal valu well,scallop dish quit appal valu well
76,time bad custom servic,time bad custom servic
77,sweet potato fri good season well,sweet potato fri good season well
78,today second time lunch buffet pretti good,today second time lunch buffet pretti good
79,much good food vega feel cheat wast eat opportun go rice compani,much good food vega feel cheat wast eat opportun go rice compani
80,come like experienc underwhelm relationship parti wait person ask break,come like experienc underwhelm relationship parti wait person ask break
81,walk place smell like old greas trap other eat,walk place smell like old greas trap other eat
82,turkey roast beef bland,turkey roast beef bland
83,place,place
84,pan cake everyon rave tast like sugari disast tailor palat six year old,pan cake everyon rave tast like sugari disast tailor palat six year old
85,love pho spring roll oh yummi tri,love pho spring roll oh yummi tri
86,poor batter meat ratio made chicken tender unsatisfi,poor batter meat ratio made chicken tender unsatisfi
87,say food amaz,say food amaz
88,omelet die,omelet die
89,everyth fresh delici,everyth fresh delici
90,summari larg disappoint dine experi,summari larg disappoint dine experi
91,like realli sexi parti mouth outrag flirt hottest person parti,like realli sexi parti mouth outrag flirt hottest person parti
92,never hard rock casino never ever step forward,never hard rock casino never ever step forward
93,best breakfast buffet,best breakfast buffet
94,say bye bye tip ladi,say bye bye tip ladi
95,never go,never go
96,back,back
97,food arriv quickli,food arriv quickli
98,good,good
99,side cafe serv realli good food,side cafe serv realli good food
100,server fantast found wife love roast garlic bone marrow ad extra meal anoth marrow go,server fantast found wife love roast garlic bone marrow ad extra meal anoth marrow go
101,good thing waiter help kept bloddi mari come,good thing waiter help kept bloddi mari come
102,best buffet town price cannot beat,best buffet town price cannot beat
103,love mussel cook wine reduct duck tender potato dish delici,love mussel cook wine reduct duck tender potato dish delici
104,one better buffet,one better buffet
105,went tigerlilli fantast afternoon,went tigerlilli fantast afternoon
106,food delici bartend attent person got great deal,food delici bartend attent person got great deal
107,ambienc wonder music play,ambienc wonder music play
108,go back next trip,go back next trip
109,sooooo good,sooooo good
110,real sushi lover let honest yama good,real sushi lover let honest yama good
111,least min pass us order food arriv busi,least min pass us order food arriv busi
112,realli fantast thai restaur definit worth visit,realli fantast thai restaur definit worth visit
113,nice spici tender,nice spici tender
114,good price,good price
115,check,check
116,pretti gross,pretti gross
117,better atmospher,better atmospher
118,kind hard mess steak,kind hard mess steak
119,although much like look sound place actual experi bit disappoint,although much like look sound place actual experi bit disappoint
120,know place manag serv blandest food ever eaten prepar indian cuisin,know place manag serv blandest food ever eaten prepar indian cuisin
121,worst servic boot least worri,worst servic boot least worri
122,servic fine waitress friendli,servic fine waitress friendli
123,guy steak steak love son steak best worst place said best steak ever eaten,guy steak steak love son steak best worst place said best steak ever eaten
124,thought ventur away get good sushi place realli hit spot night,thought ventur away get good sushi place realli hit spot night
125,host staff lack better word bitch,host staff lack better word bitch
126,bland like place number reason want wast time bad review leav,bland like place number reason want wast time bad review leav
127,phenomen food servic ambianc,phenomen food servic ambianc
128,return,return
129,definit worth ventur strip pork belli return next time vega,definit worth ventur strip pork belli return next time vega
130,place way overpr mediocr food,place way overpr mediocr food
131,penn vodka excel,penn vodka excel
132,good select food includ massiv meatloaf sandwich crispi chicken wrap delish tuna melt tasti burger,good select food includ massiv meatloaf sandwich crispi chicken wrap delish tuna melt tasti burger
133,manag rude,manag rude
134,delici nyc bagel good select cream chees real lox caper even,delici nyc bagel good select cream chees real lox caper even
135,great subway fact good come everi subway meet expect,great subway fact good come everi subway meet expect
136,serious solid breakfast,serious solid breakfast
137,one best bar food vega,one best bar food vega
138,extrem rude realli mani restaur would love dine weekend vega,extrem rude realli mani restaur would love dine weekend vega
139,drink never empti made realli great menu suggest,drink never empti made realli great menu suggest
140,,
141,waiter help friendli rare check us,waiter help friendli rare check us
142,husband ate lunch disappoint food servic,husband ate lunch disappoint food servic
143,red curri much bamboo shoot tasti,red curri much bamboo shoot tasti
144,nice blanket moz top feel like done cover subpar food,nice blanket moz top feel like done cover subpar food
145,bathroom clean place well decor,bathroom clean place well decor
146,menu alway chang food qualiti go servic extrem slow,menu alway chang food qualiti go servic extrem slow
147,servic littl slow consid serv peopl server food come slow pace,servic littl slow consid serv peopl server food come slow pace
148,give thumb,give thumb
149,watch waiter pay lot attent tabl ignor us,watch waiter pay lot attent tabl ignor us
150,fianc came middl day greet seat right away,fianc came middl day greet seat right away
151,great restaur mandalay bay,great restaur mandalay bay
152,wait forti five minut vain,wait forti five minut vain
153,crostini came salad stale,crostini came salad stale
154,highlight great qualiti nigiri,highlight great qualiti nigiri
155,staff friendli joint alway clean,staff friendli joint alway clean
156,differ cut piec day still wonder tender well well flavor,differ cut piec day still wonder tender well well flavor
157,order voodoo pasta first time realli excel pasta sinc go gluten free sever year ago,order voodoo pasta first time realli excel pasta sinc go gluten free sever year ago
158,place good,place good
159,unfortun must hit bakeri leftov day everyth order stale,unfortun must hit bakeri leftov day everyth order stale
160,came back today sinc reloc still impress,came back today sinc reloc still impress
161,seat immedi,seat immedi
162,menu divers reason price,menu divers reason price
163,avoid cost,avoid cost
164,restaur alway full never wait,restaur alway full never wait
165,delici,delici
166,place hand one best place eat phoenix metro area,place hand one best place eat phoenix metro area
167,go look good food,go look good food
168,never treat bad,never treat bad
169,bacon hella salti,bacon hella salti
170,also order spinach avocado salad ingredi sad dress liter zero tast,also order spinach avocado salad ingredi sad dress liter zero tast
171,realli vega fine dine use right menu hand ladi price list,realli vega fine dine use right menu hand ladi price list
172,waitress friendli,waitress friendli
173,lordi khao soi dish miss curri lover,lordi khao soi dish miss curri lover
174,everyth menu terrif also thrill made amaz accommod vegetarian daughter,everyth menu terrif also thrill made amaz accommod vegetarian daughter
175,perhap caught night judg review inspir go back,perhap caught night judg review inspir go back
176,servic leav lot desir,servic leav lot desir
177,atmospher modern hip maintain touch cozi,atmospher modern hip maintain touch cozi
178,weekli haunt definit place come back everi,weekli haunt definit place come back everi
179,liter sat minut one ask take order,liter sat minut one ask take order
180,burger absolut flavor meat total bland burger overcook charcoal flavor,burger absolut flavor meat total bland burger overcook charcoal flavor
181,also decid send back waitress look like verg heart attack,also decid send back waitress look like verg heart attack
182,dress treat rude,dress treat rude
183,probabl dirt,probabl dirt
184,love place hit spot want someth healthi lack quantiti flavor,love place hit spot want someth healthi lack quantiti flavor
185,order lemon raspberri ice cocktail also incred,order lemon raspberri ice cocktail also incred
186,food suck expect suck could imagin,food suck expect suck could imagin
187,interest decor,interest decor
188,realli like crepe station,realli like crepe station
189,also serv hot bread butter home made potato chip bacon bit top origin good,also serv hot bread butter home made potato chip bacon bit top origin good
190,watch prepar delici food,watch prepar delici food
191,egg roll fantast,egg roll fantast
192,order arriv one gyro miss,order arriv one gyro miss
193,salad wing ice cream dessert left feel quit satisfi,salad wing ice cream dessert left feel quit satisfi
194,realli sure joey vote best hot dog valley reader phoenix magazin,realli sure joey vote best hot dog valley reader phoenix magazin
195,best place go tasti bowl pho,best place go tasti bowl pho
196,live music friday total blow,live music friday total blow
197,never insult felt disrespect,never insult felt disrespect
198,friendli staff,friendli staff
199,worth drive,worth drive
200,heard good thing place exceed everi hope could dream,heard good thing place exceed everi hope could dream
201,food great serivc,food great serivc
202,warm beer help,warm beer help
203,great brunch spot,great brunch spot
204,servic friendli invit,servic friendli invit
205,good lunch spot,good lunch spot
206,live sinc first last time step foot place,live sinc first last time step foot place
207,worst experi ever,worst experi ever
208,must night place,must night place
209,side delish mix mushroom yukon gold pure white corn beateou,side delish mix mushroom yukon gold pure white corn beateou
210,bug never show would given sure side wall bug climb kitchen,bug never show would given sure side wall bug climb kitchen
211,minut wait salad realiz come time soon,minut wait salad realiz come time soon
212,friend love salmon tartar,friend love salmon tartar
213,go back,go back
214,extrem tasti,extrem tasti
215,waitress good though,waitress good though
216,soggi good,soggi good
217,jamaican mojito delici,jamaican mojito delici
218,small worth price,small worth price
219,food rich order accordingli,food rich order accordingli
220,shower area outsid rins take full shower unless mind nude everyon see,shower area outsid rins take full shower unless mind nude everyon see
221,servic bit lack,servic bit lack
222,lobster bisqu bussel sprout risotto filet need salt pepper cours none tabl,lobster bisqu bussel sprout risotto filet need salt pepper cours none tabl
223,hope bode go busi someon cook come,hope bode go busi someon cook come
224,either cold enough flavor bad,either cold enough flavor bad
225,love bacon wrap date,love bacon wrap date
226,unbeliev bargain,unbeliev bargain
227,folk otto alway make us feel welcom special,folk otto alway make us feel welcom special
228,main also uninspir,main also uninspir
229,place first pho amaz,place first pho amaz
230,wonder experi made place must stop whenev town,wonder experi made place must stop whenev town
231,food bad enough enjoy deal world worst annoy drunk peopl,food bad enough enjoy deal world worst annoy drunk peopl
232,fun chef,fun chef
233,order doubl cheeseburg got singl patti fall apart pictur upload yeah still suck,order doubl cheeseburg got singl patti fall apart pictur upload yeah still suck
234,great place coupl drink watch sport event wall cover tv,great place coupl drink watch sport event wall cover tv
235,possibl give zero star,possibl give zero star
236,descript said yum yum sauc anoth said eel sauc yet anoth said spici mayo well none roll sauc,descript said yum yum sauc anoth said eel sauc yet anoth said spici mayo well none roll sauc
237,say would hardest decis honestli dish tast suppos tast amaz,say would hardest decis honestli dish tast suppos tast amaz
238,roll eye may stay sure go back tri,roll eye may stay sure go back tri
239,everyon attent provid excel custom servic,everyon attent provid excel custom servic
240,horribl wast time money,horribl wast time money
241,dish quit flavour,dish quit flavour
242,time side restaur almost empti excus,time side restaur almost empti excus
243,busi either also build freez cold,busi either also build freez cold
244,like review said pay eat place,like review said pay eat place
245,drink took close minut come one point,drink took close minut come one point
246,serious flavor delight folk,serious flavor delight folk
247,much better ayc sushi place went vega,much better ayc sushi place went vega
248,light dark enough set mood,light dark enough set mood
249,base sub par servic receiv effort show gratitud busi go back,base sub par servic receiv effort show gratitud busi go back
250,owner realli great peopl,owner realli great peopl
251,noth privileg work eat,noth privileg work eat
252,greek dress creami flavor,greek dress creami flavor
253,overal think would take parent place made similar complaint silent felt,overal think would take parent place made similar complaint silent felt
254,pizza good peanut sauc tasti,pizza good peanut sauc tasti
255,tabl servic pretti fast,tabl servic pretti fast
256,fantast servic,fantast servic
257,well would given godfath zero star possibl,well would given godfath zero star possibl
258,know make,know make
259,tough short flavor,tough short flavor
260,hope place stick around,hope place stick around
261,bar vega ever recal charg tap water,bar vega ever recal charg tap water
262,restaur atmospher exquisit,restaur atmospher exquisit
263,good servic clean inexpens boot,good servic clean inexpens boot
264,seafood fresh gener portion,seafood fresh gener portion
265,plu buck,plu buck
266,servic par either,servic par either
267,thu far visit twice food absolut delici time,thu far visit twice food absolut delici time
268,good year ago,good year ago
269,self proclaim coffe cafe wildli disappoint,self proclaim coffe cafe wildli disappoint
270,veggitarian platter world,veggitarian platter world
271,cant go wrong food,cant go wrong food
272,beat,beat
273,stop place madison ironman friendli kind staff,stop place madison ironman friendli kind staff
274,chef friendli good job,chef friendli good job
275,better dedic boba tea spot even jenni pho,better dedic boba tea spot even jenni pho
276,like patio servic outstand,like patio servic outstand
277,goat taco skimp meat wow flavor,goat taco skimp meat wow flavor
278,think,think
279,mac salad pretti bland get,mac salad pretti bland get
280,went bachi burger friend recommend disappoint,went bachi burger friend recommend disappoint
281,servic stink,servic stink
282,wait wait,wait wait
283,place qualiti sushi qualiti restaur,place qualiti sushi qualiti restaur
284,would definit recommend wing well pizza,would definit recommend wing well pizza
285,great pizza salad,great pizza salad
286,thing went wrong burn saganaki,thing went wrong burn saganaki
287,wait hour breakfast could done time better home,wait hour breakfast could done time better home
288,place amaz,place amaz
289,hate disagre fellow yelper husband disappoint place,hate disagre fellow yelper husband disappoint place
290,wait hour never got either pizza mani around us came later,wait hour never got either pizza mani around us came later
291,know slow,know slow
292,staff great food delish incred beer select,staff great food delish incred beer select
293,live neighborhood disappoint back conveni locat,live neighborhood disappoint back conveni locat
294,know pull pork could soooo delici,know pull pork could soooo delici
295,get incred fresh fish prepar care,get incred fresh fish prepar care
296,go gave star rate pleas know third time eat bachi burger write review,go gave star rate pleas know third time eat bachi burger write review
297,love fact everyth menu worth,love fact everyth menu worth
298,never dine place,never dine place
299,food excel servic good,food excel servic good
300,good beer drink select good food select,good beer drink select good food select
301,pleas stay away shrimp stir fri noodl,pleas stay away shrimp stir fri noodl
302,potato chip order sad could probabl count mani chip box probabl around,potato chip order sad could probabl count mani chip box probabl around
303,food realli bore,food realli bore
304,good servic check,good servic check
305,greedi corpor never see anoth dime,greedi corpor never see anoth dime
306,never ever go back,never ever go back
307,much like go back get pass atroci servic never return,much like go back get pass atroci servic never return
308,summer dine charm outdoor patio delight,summer dine charm outdoor patio delight
309,expect good,expect good
310,fantast food,fantast food
311,order toast english muffin came untoast,order toast english muffin came untoast
312,food good,food good
313,never go back,never go back
314,great food price high qualiti hous made,great food price high qualiti hous made
315,bu boy hand rude,bu boy hand rude
316,point friend basic figur place joke mind make publicli loudli known,point friend basic figur place joke mind make publicli loudli known
317,back good bbq lighter fare reason price tell public back old way,back good bbq lighter fare reason price tell public back old way
318,consid two us left full happi go wrong,consid two us left full happi go wrong
319,bread made hous,bread made hous
320,downsid servic,downsid servic
321,also fri without doubt worst fri ever,also fri without doubt worst fri ever
322,servic except food good review,servic except food good review
323,coupl month later return amaz meal,coupl month later return amaz meal
324,favorit place town shawarrrrrrma,favorit place town shawarrrrrrma
325,black eye pea sweet potato unreal,black eye pea sweet potato unreal
326,disappoint,disappoint
327,could serv vinaigrett may make better overal dish still good,could serv vinaigrett may make better overal dish still good
328,go far mani place never seen restaur serv egg breakfast especi,go far mani place never seen restaur serv egg breakfast especi
329,mom got home immedi got sick bite salad,mom got home immedi got sick bite salad
330,server pleasant deal alway honor pizza hut coupon,server pleasant deal alway honor pizza hut coupon
331,truli unbeliev good glad went back,truli unbeliev good glad went back
332,fantast servic pleas atmospher,fantast servic pleas atmospher
333,everyth gross,everyth gross
334,love place,love place
335,great servic food,great servic food
336,first bathroom locat dirti seat cover replenish plain yucki,first bathroom locat dirti seat cover replenish plain yucki
337,burger got gold standard burger kind disappoint,burger got gold standard burger kind disappoint
338,omg food delicioso,omg food delicioso
339,noth authent place,noth authent place
340,spaghetti noth special whatsoev,spaghetti noth special whatsoev
341,dish salmon best great,dish salmon best great
342,veget fresh sauc feel like authent thai,veget fresh sauc feel like authent thai
343,worth drive tucson,worth drive tucson
344,select probabl worst seen vega none,select probabl worst seen vega none
345,pretti good beer select,pretti good beer select
346,place like chipotl better,place like chipotl better
347,classi warm atmospher fun fresh appet succul steak basebal steak,classi warm atmospher fun fresh appet succul steak basebal steak
348,star brick oven bread app,star brick oven bread app
349,eaten multipl time time food delici,eaten multipl time time food delici
350,sat anoth ten minut final gave left,sat anoth ten minut final gave left
351,terribl,terribl
352,everyon treat equal special,everyon treat equal special
353,take min pancak egg,take min pancak egg
354,delici,delici
355,good side staff genuin pleasant enthusiast real treat,good side staff genuin pleasant enthusiast real treat
356,sadli gordon ramsey steak place shall sharpli avoid next trip vega,sadli gordon ramsey steak place shall sharpli avoid next trip vega
357,alway even wonder food delici,alway even wonder food delici
358,best fish ever life,best fish ever life
359,bathroom next door nice,bathroom next door nice
360,buffet small food offer bland,buffet small food offer bland
361,outstand littl restaur best food ever tast,outstand littl restaur best food ever tast
362,pretti cool would say,pretti cool would say
363,definit turn doubt back unless someon els buy,definit turn doubt back unless someon els buy
364,server great job handl larg rowdi tabl,server great job handl larg rowdi tabl
365,find wast food despic food,find wast food despic food
366,wife lobster bisqu soup lukewarm,wife lobster bisqu soup lukewarm
367,would come back sushi crave vega,would come back sushi crave vega
368,staff great ambianc great,staff great ambianc great
369,deserv star,deserv star
370,left stomach ach felt sick rest day,left stomach ach felt sick rest day
371,drop ball,drop ball
372,dine space tini elegantli decor comfort,dine space tini elegantli decor comfort
373,custom order way like usual eggplant green bean stir fri love,custom order way like usual eggplant green bean stir fri love
374,bean rice mediocr best,bean rice mediocr best
375,best taco town far,best taco town far
376,took back money got outta,took back money got outta
377,interest part town place amaz,interest part town place amaz
378,rude inconsider manag,rude inconsider manag
379,staff friendli wait time serv horribl one even say hi first minut,staff friendli wait time serv horribl one even say hi first minut
380,back,back
381,great dinner,great dinner
382,servic outshin definit recommend halibut,servic outshin definit recommend halibut
383,food terribl,food terribl
384,never ever go back told mani peopl happen,never ever go back told mani peopl happen
385,recommend unless car break front starv,recommend unless car break front starv
386,come back everi time vega,come back everi time vega
387,place deserv one star food,place deserv one star food
388,disgrac,disgrac
389,def come back bowl next time,def come back bowl next time
390,want healthi authent ethic food tri place,want healthi authent ethic food tri place
391,continu come ladi night andddd date night highli recommend place anyon area,continu come ladi night andddd date night highli recommend place anyon area
392,sever time past experi alway great,sever time past experi alway great
393,walk away stuf happi first vega buffet experi,walk away stuf happi first vega buffet experi
394,servic excel price pretti reason consid vega locat insid crystal shop mall aria,servic excel price pretti reason consid vega locat insid crystal shop mall aria
395,summar food incred nay transcend noth bring joy quit like memori pneumat condiment dispens,summar food incred nay transcend noth bring joy quit like memori pneumat condiment dispens
396,probabl one peopl ever go ian like,probabl one peopl ever go ian like
397,kid pizza alway hit lot great side dish option kiddo,kid pizza alway hit lot great side dish option kiddo
398,servic perfect famili atmospher nice see,servic perfect famili atmospher nice see
399,cook perfect servic impecc,cook perfect servic impecc
400,one simpli disappoint,one simpli disappoint
401,overal disappoint qualiti food bouchon,overal disappoint qualiti food bouchon
402,account know get screw,account know get screw
403,great place eat remind littl mom pop shop san francisco bay area,great place eat remind littl mom pop shop san francisco bay area
404,today first tast buldogi gourmet hot dog tell ever thought possibl,today first tast buldogi gourmet hot dog tell ever thought possibl
405,left frustrat,left frustrat
406,definit soon,definit soon
407,food realli good got full petti fast,food realli good got full petti fast
408,servic fantast,servic fantast
409,total wast time,total wast time
410,know kind best ice tea,know kind best ice tea
411,come hungri leav happi stuf,come hungri leav happi stuf
412,servic give star,servic give star
413,assur disappoint,assur disappoint
414,take littl bad servic food suck,take littl bad servic food suck
415,gave tri eat crust teeth still sore,gave tri eat crust teeth still sore
416,complet gross,complet gross
417,realli enjoy eat,realli enjoy eat
418,first time go think quickli becom regular,first time go think quickli becom regular
419,server nice even though look littl overwhelm need stay profession friendli end,server nice even though look littl overwhelm need stay profession friendli end
420,dinner companion told everyth fresh nice textur tast,dinner companion told everyth fresh nice textur tast
421,ground right next tabl larg smear step track everywher pile green bird poop,ground right next tabl larg smear step track everywher pile green bird poop
422,furthermor even find hour oper websit,furthermor even find hour oper websit
423,tri like place time think done,tri like place time think done
424,mistak,mistak
425,complaint,complaint
426,serious good pizza expert connisseur topic,serious good pizza expert connisseur topic
427,waiter jerk,waiter jerk
428,strike want rush,strike want rush
429,nicest restaur owner ever come across,nicest restaur owner ever come across
430,never come,never come
431,love biscuit,love biscuit
432,servic quick friendli,servic quick friendli
433,order appet took minut pizza anoth minut,order appet took minut pizza anoth minut
434,absolutley fantast,absolutley fantast
435,huge awkward lb piec cow th gristl fat,huge awkward lb piec cow th gristl fat
436,definit come back,definit come back
437,like steiner dark feel like bar,like steiner dark feel like bar
438,wow spici delici,wow spici delici
439,familiar check,familiar check
440,take busi dinner dollar elsewher,take busi dinner dollar elsewher
441,love go back,love go back
442,anyway fs restaur wonder breakfast lunch,anyway fs restaur wonder breakfast lunch
443,noth special,noth special
444,day week differ deal delici,day week differ deal delici
445,mention combin pear almond bacon big winner,mention combin pear almond bacon big winner
446,back,back
447,sauc tasteless,sauc tasteless
448,food delici spici enough sure ask spicier prefer way,food delici spici enough sure ask spicier prefer way
449,ribey steak cook perfectli great mesquit flavor,ribey steak cook perfectli great mesquit flavor
450,think go back anytim soon,think go back anytim soon
451,food gooodd,food gooodd
452,far sushi connoisseur definit tell differ good food bad food certainli bad food,far sushi connoisseur definit tell differ good food bad food certainli bad food
453,insult,insult
454,last time lunch bad,last time lunch bad
455,chicken wing contain driest chicken meat ever eaten,chicken wing contain driest chicken meat ever eaten
456,food good enjoy everi mouth enjoy relax venu coupl small famili group etc,food good enjoy everi mouth enjoy relax venu coupl small famili group etc
457,nargil think great,nargil think great
458,best tater tot southwest,best tater tot southwest
459,love place,love place
460,definit worth paid,definit worth paid
461,vanilla ice cream creami smooth profiterol choux pastri fresh enough,vanilla ice cream creami smooth profiterol choux pastri fresh enough
462,im az time new spot,im az time new spot
463,manag worst,manag worst
464,insid realli quit nice clean,insid realli quit nice clean
465,food outstand price reason,food outstand price reason
466,think run back carli anytim soon food,think run back carli anytim soon food
467,due fact took minut acknowledg anoth minut get food kept forget thing,due fact took minut acknowledg anoth minut get food kept forget thing
468,love margarita,love margarita
469,first vega buffet disappoint,first vega buffet disappoint
470,good though,good though
471,one note ventil could use upgrad,one note ventil could use upgrad
472,great pork sandwich,great pork sandwich
473,wast time,wast time
474,total letdown would much rather go camelback flower shop cartel coffe,total letdown would much rather go camelback flower shop cartel coffe
475,third chees friend burger cold,third chees friend burger cold
476,enjoy pizza brunch,enjoy pizza brunch
477,steak well trim also perfectli cook,steak well trim also perfectli cook
478,group claim would handl us beauti,group claim would handl us beauti
479,love,love
480,ask bill leav without eat bring either,ask bill leav without eat bring either
481,place jewel la vega exactli hope find nearli ten year live,place jewel la vega exactli hope find nearli ten year live
482,seafood limit boil shrimp crab leg crab leg definit tast fresh,seafood limit boil shrimp crab leg crab leg definit tast fresh
483,select food best,select food best
484,delici absolut back,delici absolut back
485,small famili restaur fine dine establish,small famili restaur fine dine establish
486,toro tartar cavier extraordinari like thinli slice wagyu white truffl,toro tartar cavier extraordinari like thinli slice wagyu white truffl
487,dont think back long time,dont think back long time
488,attach ga station rare good sign,attach ga station rare good sign
489,awesom,awesom
490,back mani time soon,back mani time soon
491,menu much good stuff could decid,menu much good stuff could decid
492,wors humili worker right front bunch horribl name call,wors humili worker right front bunch horribl name call
493,conclus fill meal,conclus fill meal
494,daili special alway hit group,daili special alway hit group
495,tragedi struck,tragedi struck
496,pancak also realli good pretti larg,pancak also realli good pretti larg
497,first crawfish experi delici,first crawfish experi delici
498,monster chicken fri steak egg time favorit,monster chicken fri steak egg time favorit
499,waitress sweet funni,waitress sweet funni
500,also tast mom multi grain pumpkin pancak pecan butter amaz fluffi delici,also tast mom multi grain pumpkin pancak pecan butter amaz fluffi delici
501,rather eat airlin food serious,rather eat airlin food serious
502,cant say enough good thing place,cant say enough good thing place
503,ambianc incred,ambianc incred
504,waitress manag friendli,waitress manag friendli
505,would recommend place,would recommend place
506,overal impress noca,overal impress noca
507,gyro basic lettuc,gyro basic lettuc
508,terribl servic,terribl servic
509,thoroughli disappoint,thoroughli disappoint
510,much pasta love homemad hand made pasta thin pizza,much pasta love homemad hand made pasta thin pizza
511,give tri happi,give tri happi
512,far best cheesecurd ever,far best cheesecurd ever
513,reason price also,reason price also
514,everyth perfect night,everyth perfect night
515,food good typic bar food,food good typic bar food
516,drive get,drive get
517,first glanc love bakeri cafe nice ambianc clean friendli staff,first glanc love bakeri cafe nice ambianc clean friendli staff
518,anyway think go back,anyway think go back
519,point finger item menu order disappoint,point finger item menu order disappoint
520,oh thing beauti restaur,oh thing beauti restaur
521,gone go,gone go
522,greasi unhealthi meal,greasi unhealthi meal
523,first time might last,first time might last
524,burger amaz,burger amaz
525,similarli deliveri man say word apolog food minut late,similarli deliveri man say word apolog food minut late
526,way expens,way expens
527,sure order dessert even need pack go tiramisu cannoli die,sure order dessert even need pack go tiramisu cannoli die
528,first time wait next,first time wait next
529,bartend also nice,bartend also nice
530,everyth good tasti,everyth good tasti
531,place two thumb way,place two thumb way
532,best place vega breakfast check sat sun,best place vega breakfast check sat sun
533,love authent mexican food want whole bunch interest yet delici meat choos need tri place,love authent mexican food want whole bunch interest yet delici meat choos need tri place
534,terribl manag,terribl manag
535,excel new restaur experienc frenchman,excel new restaur experienc frenchman
536,zero star would give zero star,zero star would give zero star
537,great steak great side great wine amaz dessert,great steak great side great wine amaz dessert
538,worst martini ever,worst martini ever
539,steak shrimp opinion best entre gc,steak shrimp opinion best entre gc
540,opportun today sampl amaz pizza,opportun today sampl amaz pizza
541,wait thirti minut seat although vacant tabl folk wait,wait thirti minut seat although vacant tabl folk wait
542,yellowtail carpaccio melt mouth fresh,yellowtail carpaccio melt mouth fresh
543,tri go back even empti,tri go back even empti
544,go eat potato found stranger hair,go eat potato found stranger hair
545,spici enough perfect actual,spici enough perfect actual
546,last night second time dine happi decid go back,last night second time dine happi decid go back
547,even hello right,even hello right
548,dessert bit strang,dessert bit strang
549,boyfriend came first time recent trip vega could pleas qualiti food servic,boyfriend came first time recent trip vega could pleas qualiti food servic
550,realli recommend place go wrong donut place,realli recommend place go wrong donut place
551,nice ambianc,nice ambianc
552,would recommend save room,would recommend save room
553,guess mayb went night disgrac,guess mayb went night disgrac
554,howev recent experi particular locat good,howev recent experi particular locat good
555,know like restaur someth,know like restaur someth
556,avoid establish,avoid establish
557,think restaur suffer tri hard enough,think restaur suffer tri hard enough
558,tapa dish delici,tapa dish delici
559,heart place,heart place
560,salad bland vinegrett babi green heart palm,salad bland vinegrett babi green heart palm
561,two felt disgust,two felt disgust
562,good time,good time
563,believ place great stop huge belli hanker sushi,believ place great stop huge belli hanker sushi
564,gener portion great tast,gener portion great tast
565,never go back place never ever recommend place anyon,never go back place never ever recommend place anyon
566,server went back forth sever time even much help,server went back forth sever time even much help
567,food delici,food delici
568,hour serious,hour serious
569,consid theft,consid theft
570,eew locat need complet overhaul,eew locat need complet overhaul
571,recent wit poor qualiti manag toward guest well,recent wit poor qualiti manag toward guest well
572,wait wait wait,wait wait wait
573,also came back check us regularli excel servic,also came back check us regularli excel servic
574,server super nice check us mani time,server super nice check us mani time
575,pizza tast old super chewi good way,pizza tast old super chewi good way
576,swung give tri deepli disappoint,swung give tri deepli disappoint
577,servic good compani better,servic good compani better
578,staff also friendli effici,staff also friendli effici
579,servic fan quick serv nice folk,servic fan quick serv nice folk
580,boy sucker dri,boy sucker dri
581,rate,rate
582,look authent thai food go els,look authent thai food go els
583,steak recommend,steak recommend
584,pull car wait anoth minut acknowledg,pull car wait anoth minut acknowledg
585,great food great servic clean friendli set,great food great servic clean friendli set
586,assur back,assur back
587,hate thing much cheap qualiti black oliv,hate thing much cheap qualiti black oliv
588,breakfast perpar great beauti present giant slice toast lightli dust powder sugar,breakfast perpar great beauti present giant slice toast lightli dust powder sugar
589,kid play area nasti,kid play area nasti
590,great place fo take eat,great place fo take eat
591,waitress friendli happi accomod vegan veggi option,waitress friendli happi accomod vegan veggi option
592,omg felt like never eaten thai food dish,omg felt like never eaten thai food dish
593,extrem crumbi pretti tasteless,extrem crumbi pretti tasteless
594,pale color instead nice char flavor,pale color instead nice char flavor
595,crouton also tast homemad extra plu,crouton also tast homemad extra plu
596,got home see driest damn wing ever,got home see driest damn wing ever
597,regular stop trip phoenix,regular stop trip phoenix
598,realli enjoy crema caf expand even told friend best breakfast,realli enjoy crema caf expand even told friend best breakfast
599,good money,good money
600,miss wish one philadelphia,miss wish one philadelphia
601,got sit fairli fast end wait minut place order anoth minut food arriv,got sit fairli fast end wait minut place order anoth minut food arriv
602,also best chees crisp town,also best chees crisp town
603,good valu great food great servic,good valu great food great servic
604,ask satisfi meal,ask satisfi meal
605,food good,food good
606,awesom,awesom
607,want leav,want leav
608,made drive way north scottsdal one bit disappoint,made drive way north scottsdal one bit disappoint
609,eat,eat
610,owner realli realli need quit soooooo cheap let wrap freak sandwich two paper one,owner realli realli need quit soooooo cheap let wrap freak sandwich two paper one
611,check place coupl year ago impress,check place coupl year ago impress
612,chicken got definit reheat ok wedg cold soggi,chicken got definit reheat ok wedg cold soggi
613,sorri get food anytim soon,sorri get food anytim soon
614,absolut must visit,absolut must visit
615,cow tongu cheek taco amaz,cow tongu cheek taco amaz
616,friend like bloodi mari,friend like bloodi mari
617,despit hard rate busi actual rare give star,despit hard rate busi actual rare give star
618,realli want make experi good one,realli want make experi good one
619,return,return
620,chicken pho tast bland,chicken pho tast bland
621,disappoint,disappoint
622,grill chicken tender yellow saffron season,grill chicken tender yellow saffron season
623,drive thru mean want wait around half hour food somehow end go make us wait wait,drive thru mean want wait around half hour food somehow end go make us wait wait
624,pretti awesom place,pretti awesom place
625,ambienc perfect,ambienc perfect
626,best luck rude non custom servic focus new manag,best luck rude non custom servic focus new manag
627,grandmoth make roast chicken better one,grandmoth make roast chicken better one
628,ask multipl time wine list time ignor went hostess got one,ask multipl time wine list time ignor went hostess got one
629,staff alway super friendli help especi cool bring two small boy babi,staff alway super friendli help especi cool bring two small boy babi
630,four star food guy blue shirt great vibe still let us eat,four star food guy blue shirt great vibe still let us eat
631,roast beef sandwich tast realli good,roast beef sandwich tast realli good
632,even drastic sick,even drastic sick
633,high qualiti chicken chicken caesar salad,high qualiti chicken chicken caesar salad
634,order burger rare came done,order burger rare came done
635,promptli greet seat,promptli greet seat
636,tri go lunch madhous,tri go lunch madhous
637,proven dead wrong sushi bar qualiti great servic fast food impecc,proven dead wrong sushi bar qualiti great servic fast food impecc
638,wait hour seat greatest mood,wait hour seat greatest mood
639,good joint,good joint
640,macaron insan good,macaron insan good
641,eat,eat
642,waiter attent friendli inform,waiter attent friendli inform
643,mayb cold would somewhat edibl,mayb cold would somewhat edibl
644,place lot promis fail deliv,place lot promis fail deliv
645,bad experi,bad experi
646,mistak,mistak
647,food averag best,food averag best
648,great food,great food
649,go back anytim soon,go back anytim soon
650,disappoint order big bay plater,disappoint order big bay plater
651,great place relax awesom burger beer,great place relax awesom burger beer
652,perfect sit famili meal get togeth friend,perfect sit famili meal get togeth friend
653,much flavor poorli construct,much flavor poorli construct
654,patio seat comfort,patio seat comfort
655,fri rice dri well,fri rice dri well
656,hand favorit italian restaur,hand favorit italian restaur
657,scream legit book somethat also pretti rare vega,scream legit book somethat also pretti rare vega
658,fun experi,fun experi
659,atmospher great love duo violinist play song request,atmospher great love duo violinist play song request
660,person love hummu pita baklava falafel baba ganoush amaz eggplant,person love hummu pita baklava falafel baba ganoush amaz eggplant
661,conveni sinc stay mgm,conveni sinc stay mgm
662,owner super friendli staff courteou,owner super friendli staff courteou
663,great,great
664,eclect select,eclect select
665,sweet potato tot good onion ring perfect close,sweet potato tot good onion ring perfect close
666,staff attent,staff attent
667,chef gener time even came around twice take pictur,chef gener time even came around twice take pictur
668,owner use work nobu place realli similar half price,owner use work nobu place realli similar half price
669,googl mediocr imagin smashburg pop,googl mediocr imagin smashburg pop
670,dont go,dont go
671,promis disappoint,promis disappoint
672,sushi lover avoid place mean,sushi lover avoid place mean
673,great doubl cheeseburg,great doubl cheeseburg
674,awesom servic food,awesom servic food
675,fantast neighborhood gem,fantast neighborhood gem
676,wait go back,wait go back
677,plantain worst ever tast,plantain worst ever tast
678,great place highli recommend,great place highli recommend
679,servic slow attent,servic slow attent
680,gave star give star,gave star give star
681,staff spend time talk,staff spend time talk
682,dessert panna cotta amaz,dessert panna cotta amaz
683,good food great atmospher,good food great atmospher
684,damn good steak,damn good steak
685,total brunch fail,total brunch fail
686,price reason flavor spot sauc home made slaw drench mayo,price reason flavor spot sauc home made slaw drench mayo
687,decor nice piano music soundtrack pleasant,decor nice piano music soundtrack pleasant
688,steak amaz rge fillet relleno best seafood plate ever,steak amaz rge fillet relleno best seafood plate ever
689,good food good servic,good food good servic
690,absolut amaz,absolut amaz
691,probabl back honest,probabl back honest
692,definit back,definit back
693,sergeant pepper beef sandwich auju sauc excel sandwich well,sergeant pepper beef sandwich auju sauc excel sandwich well
694,hawaiian breez mango magic pineappl delight smoothi tri far good,hawaiian breez mango magic pineappl delight smoothi tri far good
695,went lunch servic slow,went lunch servic slow
696,much say place walk expect amaz quickli disappoint,much say place walk expect amaz quickli disappoint
697,mortifi,mortifi
698,needless say never back,needless say never back
699,anyway food definit fill price pay expect,anyway food definit fill price pay expect
700,chip came drip greas mostli edibl,chip came drip greas mostli edibl
701,realli impress strip steak,realli impress strip steak
702,go sinc everi meal awesom,go sinc everi meal awesom
703,server nice attent serv staff,server nice attent serv staff
704,cashier friendli even brought food,cashier friendli even brought food
705,work hospit industri paradis valley refrain recommend cibo longer,work hospit industri paradis valley refrain recommend cibo longer
706,atmospher fun,atmospher fun
707,would recommend other,would recommend other
708,servic quick even go order like like,servic quick even go order like like
709,mean realli get famou fish chip terribl,mean realli get famou fish chip terribl
710,said mouth belli still quit pleas,said mouth belli still quit pleas
711,thing,thing
712,thumb,thumb
713,read pleas go,read pleas go
714,love grill pizza remind legit italian pizza,love grill pizza remind legit italian pizza
715,pro larg seat area nice bar area great simpl drink menu best brick oven pizza homemad dough,pro larg seat area nice bar area great simpl drink menu best brick oven pizza homemad dough
716,realli nice atmospher,realli nice atmospher
717,tonight elk filet special suck,tonight elk filet special suck
718,one bite hook,one bite hook
719,order old classic new dish go time sore disappoint everyth,order old classic new dish go time sore disappoint everyth
720,cute quaint simpl honest,cute quaint simpl honest
721,chicken delici season perfect fri outsid moist chicken insid,chicken delici season perfect fri outsid moist chicken insid
722,food great alway compliment chef,food great alway compliment chef
723,special thank dylan recommend order yummi tummi,special thank dylan recommend order yummi tummi
724,awesom select beer,awesom select beer
725,great food awesom servic,great food awesom servic
726,one nice thing ad gratuiti bill sinc parti larger expect tip,one nice thing ad gratuiti bill sinc parti larger expect tip
727,fli appl juic fli,fli appl juic fli
728,han nan chicken also tasti,han nan chicken also tasti
729,servic thought good,servic thought good
730,food bare lukewarm must sit wait server bring us,food bare lukewarm must sit wait server bring us
731,ryan bar definit one edinburgh establish revisit,ryan bar definit one edinburgh establish revisit
732,nicest chines restaur,nicest chines restaur
733,overal like food servic,overal like food servic
734,also serv indian naan bread hummu spici pine nut sauc world,also serv indian naan bread hummu spici pine nut sauc world
735,probabl never come back recommend,probabl never come back recommend
736,friend pasta also bad bare touch,friend pasta also bad bare touch
737,tri airport experi tasti food speedi friendli servic,tri airport experi tasti food speedi friendli servic
738,love decor chines calligraphi wall paper,love decor chines calligraphi wall paper
739,never anyth complain,never anyth complain
740,restaur clean famili restaur feel,restaur clean famili restaur feel
741,way fri,way fri
742,sure long stood long enough begin feel awkwardli place,sure long stood long enough begin feel awkwardli place
743,open sandwich impress good way,open sandwich impress good way
744,back,back
745,warm feel servic felt like guest special treat,warm feel servic felt like guest special treat
746,extens menu provid lot option breakfast,extens menu provid lot option breakfast
747,alway order vegetarian menu dinner wide array option choos,alway order vegetarian menu dinner wide array option choos
748,watch price inflat portion get smaller manag attitud grow rapidli,watch price inflat portion get smaller manag attitud grow rapidli
749,wonder lil tapa ambienc made feel warm fuzzi insid,wonder lil tapa ambienc made feel warm fuzzi insid
750,got enjoy seafood salad fabul vinegrett,got enjoy seafood salad fabul vinegrett
751,wonton thin thick chewi almost melt mouth,wonton thin thick chewi almost melt mouth
752,level spici perfect spice whelm soup,level spici perfect spice whelm soup
753,sat right time server get go fantast,sat right time server get go fantast
754,main thing enjoy crowd older crowd around mid,main thing enjoy crowd older crowd around mid
755,side town definit spot hit,side town definit spot hit
756,wait minut get drink longer get arepa,wait minut get drink longer get arepa
757,great place eat,great place eat
758,jalapeno bacon soooo good,jalapeno bacon soooo good
759,servic poor that nice,servic poor that nice
760,food good servic good price good,food good servic good price good
761,place clean food oh stale,place clean food oh stale
762,chicken dish ok beef like shoe leather,chicken dish ok beef like shoe leather
763,servic beyond bad,servic beyond bad
764,happi,happi
765,tast like dirt,tast like dirt
766,one place phoenix would defin go back,one place phoenix would defin go back
767,block amaz,block amaz
768,close hous low key non fanci afford price good food,close hous low key non fanci afford price good food
769,hot sour egg flower soup absolut star,hot sour egg flower soup absolut star
770,sashimi poor qualiti soggi tasteless,sashimi poor qualiti soggi tasteless
771,great time famili dinner sunday night,great time famili dinner sunday night
772,food tasti say real tradit hunan style,food tasti say real tradit hunan style
773,bother slow servic,bother slow servic
774,flair bartend absolut amaz,flair bartend absolut amaz
775,frozen margarita way sugari tast,frozen margarita way sugari tast
776,good order twice,good order twice
777,nutshel restaraunt smell like combin dirti fish market sewer,nutshel restaraunt smell like combin dirti fish market sewer
778,girlfriend veal bad,girlfriend veal bad
779,unfortun good,unfortun good
780,pretti satifi experi,pretti satifi experi
781,join club get awesom offer via email,join club get awesom offer via email
782,perfect someon like beer ice cold case even colder,perfect someon like beer ice cold case even colder
783,bland flavorless good way describ bare tepid meat,bland flavorless good way describ bare tepid meat
784,chain fan beat place easili,chain fan beat place easili
785,nacho must,nacho must
786,come back,come back
787,mani word say place everyth pretti well,mani word say place everyth pretti well
788,staff super nice quick even crazi crowd downtown juri lawyer court staff,staff super nice quick even crazi crowd downtown juri lawyer court staff
789,great atmospher friendli fast servic,great atmospher friendli fast servic
790,receiv pita huge lot meat thumb,receiv pita huge lot meat thumb
791,food arriv meh,food arriv meh
792,pay hot dog fri look like came kid meal wienerschnitzel idea good meal,pay hot dog fri look like came kid meal wienerschnitzel idea good meal
793,classic main lobster roll fantast,classic main lobster roll fantast
794,brother law work mall ate day guess sick night,brother law work mall ate day guess sick night
795,good go review place twice herea tribut place tribut event held last night,good go review place twice herea tribut place tribut event held last night
796,chip salsa realli good salsa fresh,chip salsa realli good salsa fresh
797,place great,place great
798,mediocr food,mediocr food
799,get insid impress place,get insid impress place
800,super pissd,super pissd
801,servic super friendli,servic super friendli
802,sad littl veget overcook,sad littl veget overcook
803,place nice surpris,place nice surpris
804,golden crispi delici,golden crispi delici
805,high hope place sinc burger cook charcoal grill unfortun tast fell flat way flat,high hope place sinc burger cook charcoal grill unfortun tast fell flat way flat
806,could eat bruschetta day devin,could eat bruschetta day devin
807,singl employe came see ok even need water refil final serv us food,singl employe came see ok even need water refil final serv us food
808,lastli mozzarella stick best thing order,lastli mozzarella stick best thing order
809,first time ever came amaz experi still tell peopl awesom duck,first time ever came amaz experi still tell peopl awesom duck
810,server neglig need made us feel unwelcom would suggest place,server neglig need made us feel unwelcom would suggest place
811,servic terribl though,servic terribl though
812,place overpr consist boba realli overpr,place overpr consist boba realli overpr
813,pack,pack
814,love place,love place
815,say dessert yummi,say dessert yummi
816,food terribl,food terribl
817,season fruit fresh white peach pure,season fruit fresh white peach pure
818,kept get wors wors offici done,kept get wors wors offici done
819,place honestli blown,place honestli blown
820,definit would eat,definit would eat
821,wast money,wast money
822,love put food nice plastic contain oppos cram littl paper takeout box,love put food nice plastic contain oppos cram littl paper takeout box
823,cr pe delic thin moist,cr pe delic thin moist
824,aw servic,aw servic
825,ever go,ever go
826,food qualiti horribl,food qualiti horribl
827,price think place would much rather gone,price think place would much rather gone
828,servic fair best,servic fair best
829,love sushi found kabuki price hip servic,love sushi found kabuki price hip servic
830,favor stay away dish,favor stay away dish
831,poor servic,poor servic
832,one tabl thought food averag worth wait,one tabl thought food averag worth wait
833,best servic food ever maria server good friendli made day,best servic food ever maria server good friendli made day
834,excel,excel
835,paid bill tip felt server terribl job,paid bill tip felt server terribl job
836,lunch great experi,lunch great experi
837,never bland food surpris consid articl read focus much spice flavor,never bland food surpris consid articl read focus much spice flavor
838,food way overpr portion fuck small,food way overpr portion fuck small
839,recent tri caballero back everi week sinc,recent tri caballero back everi week sinc
840,buck head realli expect better food,buck head realli expect better food
841,food came good pace,food came good pace
842,ate twice last visit especi enjoy salmon salad,ate twice last visit especi enjoy salmon salad
843,back,back
844,could believ dirti oyster,could believ dirti oyster
845,place deserv star,place deserv star
846,would recommend place,would recommend place
847,fact go round star awesom,fact go round star awesom
848,disbelief dish qualifi worst version food ever tast,disbelief dish qualifi worst version food ever tast
849,bad day low toler rude custom servic peopl job nice polit wash dish otherwis,bad day low toler rude custom servic peopl job nice polit wash dish otherwis
850,potato great biscuit,potato great biscuit
851,probabl would go,probabl would go
852,flavor perfect amount heat,flavor perfect amount heat
853,price reason servic great,price reason servic great
854,wife hate meal coconut shrimp friend realli enjoy meal either,wife hate meal coconut shrimp friend realli enjoy meal either
855,fella got huevo ranchero look appeal,fella got huevo ranchero look appeal
856,went happi hour great list wine,went happi hour great list wine
857,may say buffet pricey think get pay place get quit lot,may say buffet pricey think get pay place get quit lot
858,probabl come back,probabl come back
859,worst food servic,worst food servic
860,place pretti good nice littl vibe restaur,place pretti good nice littl vibe restaur
861,talk great custom servic cours back,talk great custom servic cours back
862,hot dish hot cold dish close room temp watch staff prepar food bare hand glove everyth deep fri oil,hot dish hot cold dish close room temp watch staff prepar food bare hand glove everyth deep fri oil
863,love fri bean,love fri bean
864,alway pleasur deal,alway pleasur deal
865,plethora salad sandwich everyth tri get seal approv,plethora salad sandwich everyth tri get seal approv
866,place awesom want someth light healthi summer,place awesom want someth light healthi summer
867,sushi strip place go,sushi strip place go
868,servic great even manag came help tabl,servic great even manag came help tabl
869,feel dine room colleg cook cours high class dine servic slow best,feel dine room colleg cook cours high class dine servic slow best
870,start review two star edit give one,start review two star edit give one
871,worst sushi ever eat besid costco,worst sushi ever eat besid costco
872,excel restaur highlight great servic uniqu menu beauti set,excel restaur highlight great servic uniqu menu beauti set
873,boyfriend sat bar complet delight experi,boyfriend sat bar complet delight experi
874,weird vibe owner,weird vibe owner
875,hardli meat,hardli meat
876,better bagel groceri store,better bagel groceri store
877,go place gyro,go place gyro
878,love owner chef one authent japanes cool dude,love owner chef one authent japanes cool dude
879,burger good pizza use amaz doughi flavorless,burger good pizza use amaz doughi flavorless
880,found six inch long piec wire salsa,found six inch long piec wire salsa
881,servic terribl food mediocr,servic terribl food mediocr
882,defin enjoy,defin enjoy
883,order albondiga soup warm tast like tomato soup frozen meatbal,order albondiga soup warm tast like tomato soup frozen meatbal
884,three differ occas ask well done medium well three time got bloodiest piec meat plate,three differ occas ask well done medium well three time got bloodiest piec meat plate
885,two bite refus eat anymor,two bite refus eat anymor
886,servic extrem slow,servic extrem slow
887,minut wait got tabl,minut wait got tabl
888,serious killer hot chai latt,serious killer hot chai latt
889,allergi warn menu waitress absolut clue meal contain peanut,allergi warn menu waitress absolut clue meal contain peanut
890,boyfriend tri mediterranean chicken salad fell love,boyfriend tri mediterranean chicken salad fell love
891,rotat beer tap also highlight place,rotat beer tap also highlight place
892,price bit concern mellow mushroom,price bit concern mellow mushroom
893,worst thai ever,worst thai ever
894,stay vega must get breakfast least,stay vega must get breakfast least
895,want first say server great perfect servic,want first say server great perfect servic
896,pizza select good,pizza select good
897,strawberri tea good,strawberri tea good
898,highli unprofession rude loyal patron,highli unprofession rude loyal patron
899,overal great experi,overal great experi
900,spend money elsewher,spend money elsewher
901,regular toast bread equal satisfi occasion pat butter mmmm,regular toast bread equal satisfi occasion pat butter mmmm
902,buffet bellagio far anticip,buffet bellagio far anticip
903,drink weak peopl,drink weak peopl
904,order correct,order correct
905,also feel like chip bought made hous,also feel like chip bought made hous
906,disappoint dinner went elsewher dessert,disappoint dinner went elsewher dessert
907,chip sal amaz,chip sal amaz
908,return,return
909,new fav vega buffet spot,new fav vega buffet spot
910,serious cannot believ owner mani unexperienc employe run around like chicken head cut,serious cannot believ owner mani unexperienc employe run around like chicken head cut
911,sad,sad
912,felt insult disrespect could talk judg anoth human like,felt insult disrespect could talk judg anoth human like
913,call steakhous properli cook steak understand,call steakhous properli cook steak understand
914,impress concept food,impress concept food
915,thing crazi guacamol like pur ed,thing crazi guacamol like pur ed
916,realli noth postino hope experi better,realli noth postino hope experi better
917,got food poison buffet,got food poison buffet
918,brought fresh batch fri think yay someth warm,brought fresh batch fri think yay someth warm
919,hilari yummi christma eve dinner rememb biggest fail entir trip us,hilari yummi christma eve dinner rememb biggest fail entir trip us
920,needless say go back anytim soon,needless say go back anytim soon
921,place disgust,place disgust
922,everi time eat see care teamwork profession degre,everi time eat see care teamwork profession degre
923,ri style calamari joke,ri style calamari joke
924,howev much garlic fondu bare edibl,howev much garlic fondu bare edibl
925,could bare stomach meal complain busi lunch,could bare stomach meal complain busi lunch
926,bad lost heart finish,bad lost heart finish
927,also took forev bring us check ask,also took forev bring us check ask
928,one make scene restaur get definit lost love one,one make scene restaur get definit lost love one
929,disappoint experi,disappoint experi
930,food par denni say good,food par denni say good
931,want wait mediocr food downright terribl servic place,want wait mediocr food downright terribl servic place
932,waaaaaayyyyyyyyyi rate say,waaaaaayyyyyyyyyi rate say
933,go back,go back
934,place fairli clean food simpli worth,place fairli clean food simpli worth
935,place lack style,place lack style
936,sangria half glass wine full ridicul,sangria half glass wine full ridicul
937,bother come,bother come
938,meat pretti dri slice brisket pull pork,meat pretti dri slice brisket pull pork
939,build seem pretti neat bathroom pretti trippi eat,build seem pretti neat bathroom pretti trippi eat
940,equal aw,equal aw
941,probabl hurri go back,probabl hurri go back
942,slow seat even reserv,slow seat even reserv
943,good stretch imagin,good stretch imagin
944,cashew cream sauc bland veget undercook,cashew cream sauc bland veget undercook
945,chipolt ranch dip saus tasteless seem thin water heat,chipolt ranch dip saus tasteless seem thin water heat
946,bit sweet realli spici enough lack flavor,bit sweet realli spici enough lack flavor
947,disappoint,disappoint
948,place horribl way overpr,place horribl way overpr
949,mayb vegetarian fare twice thought averag best,mayb vegetarian fare twice thought averag best
950,busi know,busi know
951,tabl outsid also dirti lot time worker alway friendli help menu,tabl outsid also dirti lot time worker alway friendli help menu
952,ambianc feel like buffet set douchey indoor garden tea biscuit,ambianc feel like buffet set douchey indoor garden tea biscuit
953,con spotti servic,con spotti servic
954,fri hot neither burger,fri hot neither burger
955,came back cold,came back cold
956,food came disappoint ensu,food came disappoint ensu
957,real disappoint waiter,real disappoint waiter
958,husband said rude even apolog bad food anyth,husband said rude even apolog bad food anyth
959,reason eat would fill night bing drink get carb stomach,reason eat would fill night bing drink get carb stomach
960,insult profound deuchebaggeri go outsid smoke break serv solidifi,insult profound deuchebaggeri go outsid smoke break serv solidifi
961,someon order two taco think may part custom servic ask combo ala cart,someon order two taco think may part custom servic ask combo ala cart
962,quit disappoint although blame need place door,quit disappoint although blame need place door
963,rave review wait eat disappoint,rave review wait eat disappoint
964,del taco pretti nasti avoid possibl,del taco pretti nasti avoid possibl
965,hard make decent hamburg,hard make decent hamburg
966,like,like
967,hell go back,hell go back
968,gotten much better servic pizza place next door servic receiv restaur,gotten much better servic pizza place next door servic receiv restaur
969,know big deal place back ya,know big deal place back ya
970,immedi said want talk manag want talk guy shot firebal behind bar,immedi said want talk manag want talk guy shot firebal behind bar
971,ambianc much better,ambianc much better
972,unfortun set us disapppoint entre,unfortun set us disapppoint entre
973,food good,food good
974,server suck wait correct server heimer suck,server suck wait correct server heimer suck
975,happen next pretti put,happen next pretti put
976,bad caus know famili own realli want like place,bad caus know famili own realli want like place
977,overpr get,overpr get
978,vomit bathroom mid lunch,vomit bathroom mid lunch
979,kept look time soon becom minut yet still food,kept look time soon becom minut yet still food
980,place eat circumst would ever return top list,place eat circumst would ever return top list
981,start tuna sashimi brownish color obvious fresh,start tuna sashimi brownish color obvious fresh
982,food averag,food averag
983,sure beat nacho movi would expect littl bit come restaur,sure beat nacho movi would expect littl bit come restaur
984,ha long bay bit flop,ha long bay bit flop
985,problem charg sandwich bigger subway sub offer better amount veget,problem charg sandwich bigger subway sub offer better amount veget
986,shrimp unwrap live mile brushfir liter ice cold,shrimp unwrap live mile brushfir liter ice cold
987,lack flavor seem undercook dri,lack flavor seem undercook dri
988,realli impress place close,realli impress place close
989,would avoid place stay mirag,would avoid place stay mirag
990,refri bean came meal dri crusti food bland,refri bean came meal dri crusti food bland
991,spend money time place els,spend money time place els
992,ladi tabl next us found live green caterpillar salad,ladi tabl next us found live green caterpillar salad
993,present food aw,present food aw
994,tell disappoint,tell disappoint
995,think food flavor textur lack,think food flavor textur lack
996,appetit instantli gone,appetit instantli gone
997,overal impress would go back,overal impress would go back
998,whole experi underwhelm think go ninja sushi next time,whole experi underwhelm think go ninja sushi next time
999,wast enough life pour salt wound draw time took bring check,wast enough life pour salt wound draw time took bring check
